"ID","StoreOpenYear","YearsSinceRemodel","Cluster","RecommendedServices"
"2153","2006","","3","Fresh, Grocery"
"1499","2005","","1",""
"1073","1997","","0","CVS, pharmacy, Fresh, Grocery, Mobile, Kiosk, Beer, Available, Starbucks, Wine"
"1223","1999","12.0","3",""
"1179","1999","21.0","3","Fresh, Grocery, Beer, Available, Wine"
"2129","2006","12.0","1",""
"1825","2003","11.0","1",""
"1172","1998","","3","Mobile, Kiosk, Fresh, Grocery, Beer, Available, Wine"
"2274","2007","","1","Mobile, Kiosk, Fresh, Grocery"
"1772","2000","","2",""
"778","1995","18.0","1","Mobile, Kiosk, Fresh, Grocery"
"1773","2000","","2",""
"1400","2002","","2",""
"2276","2007","","1","Mobile, Kiosk, Fresh, Grocery"
"1546","2003","13.0","1",""
"2796","2013","","1",""
"1164","1999","21.0","3","Mobile, Kiosk, Fresh, Grocery, Beer, Available, Wine"
"2503","2009","","2",""
"1165","1998","12.0","3","Beer, Available, Wine"
"2355","2007","","1","Mobile, Kiosk, Fresh, Grocery"
"2091","2006","","2",""
"1461","2002","","2",""
"2137","2007","13.0","1",""
"373","1989","13.0","3",""
"1964","2005","13.0","0",""
"2375","2008","","1","Mobile, Kiosk, Fresh, Grocery"
"981","1995","13.0","0","Beer, Available, Wine"
"2171","2006","13.0","0",""
"969","1995","8.0","3","CVS, pharmacy, Mobile, Kiosk, Fresh, Grocery, Beer, Available, Wine"
"1197","1999","13.0","0","CVS, pharmacy, Starbucks"
"1486","2002","12.0","1","CafePizza"
"2333","2008","12.0","0",""
"2121","2007","13.0","0","Beer, Available, Wine"
"1780","2001","","2",""
"1106","1997","21.0","3","CVS, pharmacy, Mobile, Kiosk, Fresh, Grocery, Beer, Available, Wine"
"2036","2005","","2",""
"1390","2001","13.0","0",""
"1761","2000","25.0","2",""
"982","1995","8.0","0","CVS, pharmacy, Fresh, Grocery, Mobile, Kiosk, Beer, Available, Wine"
"2174","2006","13.0","1",""
"970","1995","13.0","0",""
"2476","2009","","2",""
"749","1995","12.0","0",""
"2431","2008","","2","Mobile, Kiosk"
"917","1994","13.0","1","Available, Beer"
"2056","2005","","2",""
"747","1995","8.0","3","CVS, pharmacy, Mobile, Kiosk, Fresh, Grocery, Beer, Available, Wine"
"1394","2002","","2",""
"1206","1999","13.0","3","Beer, Available, Wine"
"1787","2002","8.0","2",""
"1380","2001","18.0","3","Fresh, Grocery"
"2493","2009","","1","Mobile, Kiosk, Fresh, Grocery"
"2387","2008","","1","Mobile, Kiosk, Fresh, Grocery"
"1367","2001","","2",""
"2084","2007","","1","Fresh, Grocery"
"796","1997","8.0","3","CVS, pharmacy, Mobile, Kiosk, Fresh, Grocery, Beer, Available, Wine"
"1468","2007","13.0","3",""
"1346","2001","","2",""
"734","1995","13.0","3","CVS, pharmacy, Mobile, Kiosk"
"2816","2012","","3",""
"1302","2000","13.0","3","Wine"
"1453","2003","13.0","1","Starbucks"
"2053","2005","13.0","1",""
"2367","2008","","1","Fresh, Grocery"
"1322","2001","18.0","3","Fresh, Grocery"
"1198","1999","13.0","3",""
"1973","2005","16.0","2",""
"1126","1998","13.0","3","CVS, pharmacy, Beer, Available, Wine"
"2085","2005","13.0","2",""
"2279","2007","13.0","2","Mobile, Kiosk"
"2362","2008","","2","&"
"740","1995","12.0","2",""
"2027","2005","","1","Fresh, Grocery"
"2208","2006","13.0","2",""
"844","1993","13.0","2",""
"1250","2000","21.0","3","Fresh, Grocery, Wine"
"811","1992","13.0","2","Starbucks"
"1090","1997","11.0","1","Available, Beer"
"1273","2000","13.0","2",""
"1963","2005","13.0","1","Mobile, Kiosk"
"2360","2008","","2","&"
"750","1995","13.0","3","CVS, pharmacy, Mobile, Kiosk"
"686","1992","13.0","2","Starbucks"
"2815","2012","","1",""
"1370","2002","","3","Wine"
"695","1992","13.0","1","Starbucks"
"151","1981","11.0","3","Wine"
"1983","2005","13.0","1",""
"2126","2006","13.0","1",""
"2445","2009","","1","Mobile, Kiosk"
"795","1996","8.0","3","CVS, pharmacy, Mobile, Kiosk, Fresh, Grocery, Wine"
"1870","2004","13.0","3",""
"1059","1997","15.0","1","Starbucks"
"146","1981","13.0","1",""
"1182","1999","13.0","3",""
"2240","2007","13.0","1",""
"1274","2000","7.0","2","Fresh, Grocery, Mobile, Kiosk"
"2057","2006","11.0","1",""
"1310","2000","19.0","3","Mobile, Kiosk, Fresh, Grocery"
"797","1996","22.0","3","Mobile, Kiosk, Fresh, Grocery"
"1937","2004","13.0","1",""
"144","1981","18.0","1","Starbucks, Mobile, Kiosk, Fresh, Grocery"
"1511","2003","13.0","1","Mobile, Kiosk"
"1376","2002","","2",""
"2154","2006","13.0","1","Mobile, Kiosk"
"2011","2005","13.0","1",""
"1349","2001","13.0","3",""
"1807","2003","13.0","3",""
"921","1994","21.0","1","Fresh, Grocery"
"1907","2004","15.0","1",""
"682","1991","15.0","3","Wine"
"1844","2003","","2","&"
"2442","2008","15.0","1",""
"1030","1996","15.0","1",""
"2474","2009","","1",""
"959","1995","9.0","3","CVS, pharmacy, Mobile, Kiosk, Fresh, Grocery, Wine"
"90","1980","15.0","1",""
"1169","1999","21.0","3","CVS, pharmacy, Mobile, Kiosk, Fresh, Grocery, Wine"
"958","1995","9.0","0","CVS, pharmacy, Fresh, Grocery, Mobile, Kiosk, Beer, Available, Starbucks, Wine"
"1920","2004","12.0","2","&"
"754","1995","12.0","2","&"
"1919","2005","11.0","1","Available, Beer"
"2055","2005","11.0","2","&"
"757","1997","19.0","1","Fresh, Grocery, Available, Beer"
"779","1996","8.0","3","CVS, pharmacy, Mobile, Kiosk, Fresh, Grocery, Beer, Available, Wine"
"2485","2009","","2","&"
"1876","2004","14.0","2",""
"2531","2009","","2","Mobile, Kiosk"
"1469","2002","8.0","2","Fresh, Grocery"
"1449","2002","16.0","2","Starbucks"
"2534","2011","","0",""
"1451","2002","14.0","2","Starbucks"
"2089","2005","8.0","2",""
"1369","2001","11.0","2",""
"1481","2002","14.0","3",""
"108","1980","14.0","3",""
"992","1995","19.0","0","Fresh, Grocery"
"1513","2003","14.0","1","Starbucks, Available, Beer"
"674","1991","13.0","3","CVS, pharmacy, Beer, Available, Wine"
"1479","2002","14.0","3","Beer, Available, Wine"
"780","1996","14.0","1","Available, Beer"
"2473","2009","16.0","1","Available, Beer"
"139","1980","14.0","3",""
"2728","2009","","1","Available, Beer"
"2068","2005","14.0","0",""
"1071","1997","14.0","1","Available, Beer"
"366","1989","12.0","3","CVS, pharmacy, Beer, Available, Wine"
"1094","1997","12.0","3","CVS, pharmacy, Beer, Available, Wine"
"687","1992","8.0","2",""
"3238","2017","","1","Starbucks, Fresh, Grocery, CafePizza"
"1450","2002","19.0","2","Fresh, Grocery, Mobile, Kiosk, Starbucks"
"2377","2008","","2","Fresh, Grocery"
"1473","2002","13.0","2",""
"2233","2007","","2",""
"2301","2007","12.0","2",""
"1853","2004","","2",""
"2155","2006","13.0","2","Mobile, Kiosk"
"1497","2002","13.0","2","Mobile, Kiosk"
"1300","2000","12.0","2","Fresh, Grocery"
"645","1991","13.0","2","Mobile, Kiosk"
"1974","2005","13.0","2",""
"669","1991","13.0","2","Starbucks"
"873","1993","13.0","2",""
"1921","2007","","2",""
"967","1995","13.0","2",""
"756","1995","9.0","3","CVS, pharmacy, Mobile, Kiosk, Fresh, Grocery, Wine"
"2332","2007","","1","Mobile, Kiosk, Fresh, Grocery"
"2277","2007","12.0","1",""
"1199","1999","12.0","3",""
"1910","2004","13.0","2",""
"2331","2007","13.0","2",""
"1298","2000","13.0","2","Fresh, Grocery"
"2372","2009","","1","Fresh, Grocery, Available, Beer"
"2371","2008","","1","Fresh, Grocery, Available, Beer"
"2339","2008","","1","Fresh, Grocery, Available, Beer"
"2204","2006","","1","Mobile, Kiosk, Fresh, Grocery, Available, Beer"
"1114","1998","11.0","1",""
"2737","2010","","1",""
"162","1982","18.0","0","CVS, pharmacy, Fresh, Grocery, Mobile, Kiosk, Beer, Available, Starbucks, Wine"
"1891","2004","11.0","1","Available, Beer"
"2284","2008","","1","Mobile, Kiosk, Fresh, Grocery"
"1811","2003","19.0","2","Fresh, Grocery, Starbucks"
"1470","2002","18.0","3","Mobile, Kiosk, Fresh, Grocery, Beer, Available, Wine"
"2098","2006","","0","Fresh, Grocery, Mobile, Kiosk"
"2498","2009","","1","Mobile, Kiosk, Fresh, Grocery"
"2273","2007","13.0","2",""
"1347","2001","8.0","2",""
"1031","1996","13.0","0",""
"2283","2007","11.0","2",""
"774","1995","13.0","0",""
"2422","2009","","1","Mobile, Kiosk, Available, Beer"
"1782","2002","23.0","2","&"
"2542","2009","","2","&"
"19","1970","12.0","3","Wine"
"2095","2005","12.0","1","Mobile, Kiosk"
"2357","2008","12.0","1",""
"775","1999","11.0","2",""
"167","1982","19.0","3","CVS, pharmacy, Fresh, Grocery, Beer, Available, Wine"
"1861","2004","15.0","2",""
"1914","2004","","0","Fresh, Grocery"
"2061","2005","12.0","2","&"
"1398","2002","","2","&"
"2220","2006","19.0","2","&"
"2727","2011","","2","Beer, Available, &"
"1397","2002","8.0","2","&"
"43","1972","12.0","2","&"
"1860","2003","12.0","2","Mobile, Kiosk, &"
"2460","2008","12.0","2","&"
"2335","2007","8.0","2",""
"2516","2009","8.0","2",""
"1231","1999","15.0","2","Mobile, Kiosk, Starbucks"
"2142","2006","8.0","2",""
"2550","2009","","2",""
"2338","2007","8.0","2",""
"2448","2008","12.0","1","Mobile, Kiosk, Fresh, Grocery"
"1065","1997","8.0","2","CVS, pharmacy"
"67","1978","15.0","2","Mobile, Kiosk"
"1763","2000","8.0","2",""
"1489","2003","","2",""
"2234","2007","","2",""
"1944","2004","","2","&"
"1764","2000","8.0","2",""
"1430","2002","","2",""
"1775","2000","8.0","2",""
"2520","2009","8.0","2",""
"2145","2006","8.0","2",""
"1538","2003","18.0","0","Fresh, Grocery, Mobile, Kiosk, Starbucks"
"2572","2009","8.0","2",""
"13","1969","15.0","2","Mobile, Kiosk, Starbucks"
"1850","2003","8.0","2","Mobile, Kiosk"
"1784","2001","8.0","2",""
"1395","2002","23.0","2",""
"1943","2004","13.0","1","Available, Beer"
"55","1977","8.0","2",""
"1842","2003","13.0","1","Mobile, Kiosk, Available, Beer"
"1543","2003","13.0","1","Mobile, Kiosk, Available, Beer"
"1517","2003","8.0","2",""
"1840","2003","8.0","2","Mobile, Kiosk"
"947","1994","8.0","2",""
"1945","2004","","2","&"
"1757","1997","11.0","2","&"
"875","1993","9.0","2","Starbucks"
"1392","2002","7.0","2",""
"1756","1997","13.0","2","&"
"1032","1998","9.0","2","Starbucks"
"2043","2005","13.0","1","Available, Beer"
"752","1995","19.0","0","Fresh, Grocery"
"1436","2002","13.0","0",""
"876","1993","8.0","2","Mobile, Kiosk"
"255","1987","14.0","2","CVS, pharmacy, Mobile, Kiosk, Starbucks"
"531","1995","","2","&"
"2525","2009","","0","Mobile, Kiosk"
"1487","2002","13.0","1","CafePizza, Available, Beer"
"1759","1998","8.0","2","&"
"1368","2001","8.0","2",""
"1201","1999","13.0","0","Starbucks"
"1514","2003","8.0","2",""
"2334","2008","15.0","1",""
"2739","2013","","1",""
"239","1986","12.0","3",""
"2255","2007","14.0","0","Mobile, Kiosk"
"1388","2001","18.0","3","Mobile, Kiosk, Fresh, Grocery"
"2222","2006","13.0","1",""
"1455","2002","","2",""
"1177","1999","13.0","0","Mobile, Kiosk"
"2423","2008","13.0","0",""
"1278","2000","14.0","0",""
"1314","2001","14.0","3",""
"2345","2007","14.0","0","Mobile, Kiosk"
"26","1971","14.0","3",""
"2103","2006","14.0","0","Mobile, Kiosk"
"1353","2002","14.0","0",""
"1952","2008","14.0","0",""
"1241","1999","14.0","3",""
"1509","2002","14.0","3",""
"1035","1996","14.0","3",""
"1279","2000","14.0","3",""
"1280","2000","14.0","3","Beer, Available, Wine"
"1102","1998","16.0","0",""
"1515","2005","14.0","1","Available, Beer"
"355","1989","13.0","3","CVS, pharmacy, Beer, Available, Wine"
"12","1969","14.0","0","CVS, pharmacy"
"2330","2007","14.0","0",""
"1101","1997","14.0","3","CVS, pharmacy"
"2414","2008","14.0","0",""
"1539","2003","14.0","0",""
"953","1995","8.0","3","CVS, pharmacy, Mobile, Kiosk, Fresh, Grocery"
"1836","2003","","2",""
"1962","2005","8.0","2",""
"1116","1998","14.0","2","CVS, pharmacy, Mobile, Kiosk, Starbucks"
"2243","2007","","2",""
"1766","2000","8.0","2",""
"758","1995","14.0","2","CVS, pharmacy, Mobile, Kiosk, Starbucks"
"1339","2001","9.0","2",""
"1765","2000","8.0","2",""
"1536","2003","8.0","2",""
"2754","2015","","2",""
"2042","2005","8.0","2",""
"2008","2005","8.0","2",""
"2425","2008","14.0","2","Mobile, Kiosk"
"1770","2000","8.0","2",""
"1922","2004","8.0","2",""
"1981","2005","8.0","2","Mobile, Kiosk"
"2533","2009","","1","Mobile, Kiosk"
"1531","2003","11.0","2",""
"2428","2008","11.0","2",""
"1115","1998","7.0","2","CVS, pharmacy"
"158","1982","11.0","2",""
"1399","2002","19.0","2","Fresh, Grocery, Starbucks"
"800","1992","11.0","2",""
"733","1996","7.0","0","CVS, pharmacy"
"78","1979","14.0","3","CVS, pharmacy"
"80","1980","7.0","2","CVS, pharmacy, Fresh, Grocery, Mobile, Kiosk"
"1877","2004","","2","Fresh, Grocery"
"2356","2008","14.0","2",""
"684","1991","14.0","2","Starbucks"
"2389","2008","","2",""
"1457","2002","7.0","2",""
"2865","2017","","2","Beer, Available, &"
"1458","2002","","2",""
"1904","2004","14.0","1",""
"1977","2005","","0","Fresh, Grocery"
"1821","2003","13.0","3","Beer, Available, Wine"
"854","1993","14.0","1",""
"1316","2001","14.0","3",""
"2140","2009","16.0","2",""
"700","1999","14.0","3",""
"1439","2004","14.0","1",""
"179","1983","14.0","1","Starbucks"
"855","1993","14.0","1","Starbucks"
"1863","2004","14.0","1",""
"2747","2011","14.0","0",""
"1960","2005","","2",""
"1838","2003","14.0","1",""
"2365","2008","","2",""
"909","1994","14.0","0","Starbucks"
"1209","1999","14.0","3",""
"1959","2005","","2",""
"1905","2004","14.0","0",""
"319","1987","14.0","0","Starbucks"
"1429","2004","14.0","0","Mobile, Kiosk"
"251","1986","14.0","1","Starbucks, Mobile, Kiosk"
"639","1993","14.0","0",""
"2149","2006","14.0","0","Mobile, Kiosk"
"2176","2007","14.0","1",""
"2400","2008","","2","Mobile, Kiosk"
"950","1995","14.0","0",""
"851","1993","20.0","0","Fresh, Grocery, Mobile, Kiosk"
"1242","1999","14.0","3",""
"1386","2001","14.0","3",""
"3261","2017","","1","CafePizza"
"2354","2007","","2",""
"363","1989","8.0","3","Beer, Available, Wine"
"1361","2001","14.0","3",""
"2341","2007","14.0","1",""
"233","1985","14.0","0",""
"1432","2002","14.0","1","Mobile, Kiosk, CafePizza"
"936","1994","14.0","1",""
"2236","2007","18.0","2",""
"825","1992","14.0","0",""
"1335","2001","14.0","3",""
"1141","1998","14.0","3",""
"1360","2001","14.0","0","Starbucks"
"2227","2007","","2",""
"735","1996","13.0","1","Available, Beer"
"1327","2001","14.0","0",""
"2083","2005","13.0","1",""
"884","1994","","0","CVS, pharmacy, Fresh, Grocery, Mobile, Kiosk, Beer, Available, Starbucks, Wine"
"1816","2003","13.0","0","Mobile, Kiosk"
"935","1994","14.0","1",""
"625","1990","14.0","1","Available, Beer"
"2813","2013","","1","Available, Beer"
"357","1988","14.0","1","Available, Beer"
"1117","1998","21.0","0","CVS, pharmacy, Fresh, Grocery, Mobile, Kiosk, Beer, Available, Starbucks, Wine"
"2031","2005","14.0","1","Available, Beer"
"356","1988","14.0","1","Available, Beer"
"769","1997","13.0","3","CVS, pharmacy, Mobile, Kiosk, Beer, Available, Wine"
"822","1992","13.0","1","Starbucks"
"952","1995","13.0","1","Available, Beer"
"849","1993","13.0","1","CVS, pharmacy, Starbucks"
"1034","1997","12.0","3","CVS, pharmacy, Beer, Available, Wine"
"823","1992","13.0","3",""
"2216","2006","","2",""
"2368","2008","","1","Mobile, Kiosk, Fresh, Grocery"
"2404","2008","12.0","0",""
"680","1991","12.0","0","Starbucks"
"2568","2009","","0",""
"1171","1999","12.0","0","Starbucks"
"264","1987","17.0","3","CVS, pharmacy, Mobile, Kiosk, Fresh, Grocery"
"265","1987","12.0","0",""
"2164","2006","12.0","0",""
"2497","2009","","0","Fresh, Grocery, Mobile, Kiosk"
"850","1993","17.0","3","Mobile, Kiosk, Fresh, Grocery"
"1357","2001","7.0","1","CafePizza, Available, Beer"
"2569","2009","","0","Mobile, Kiosk"
"826","1992","12.0","0",""
"1207","1999","8.0","0",""
"1524","2003","12.0","0","Starbucks"
"1462","2002","12.0","3",""
"1867","2004","14.0","0",""
"940","1995","14.0","0",""
"307","1987","14.0","3",""
"2260","2007","","2",""
"939","1994","14.0","0",""
"2468","2008","","2",""
"297","1987","24.0","3","CVS, pharmacy, Mobile, Kiosk, Fresh, Grocery"
"1869","2004","14.0","0",""
"761","1995","14.0","0",""
"2309","2007","","2",""
"188","1983","14.0","0","Starbucks"
"1843","2003","7.0","0",""
"1958","2005","14.0","0",""
"2471","2008","17.0","2",""
"660","1992","14.0","0",""
"291","1987","14.0","0",""
"2499","2009","","2",""
"93","1980","11.0","1","Available, Beer"
"2343","2007","","3","Mobile, Kiosk, Fresh, Grocery, Beer, Available, Wine"
"1754","1997","13.0","2","&"
"1814","2003","7.0","1","CafePizza, Available, Beer"
"359","1989","14.0","0","Starbucks"
"1283","2000","13.0","0","Fresh, Grocery, Starbucks"
"212","1983","14.0","0","Starbucks"
"301","1990","8.0","0",""
"2245","2007","14.0","0",""
"2195","2006","16.0","0","Mobile, Kiosk"
"1961","2005","8.0","0",""
"1834","2005","8.0","0",""
"1548","2003","14.0","0","Starbucks"
"736","1995","14.0","0",""
"1423","2002","8.0","0",""
"258","1987","14.0","0",""
"226","1985","15.0","0",""
"912","1994","14.0","0",""
"2831","2013","","0",""
"274","1987","8.0","0",""
"2802","2012","","0",""
"767","1997","15.0","0",""
"1040","1997","15.0","0",""
"914","1994","15.0","0",""
"2871","2017","","0",""
"677","1992","15.0","0","Starbucks"
"2179","2006","15.0","0",""
"296","1988","13.0","0","CVS, pharmacy"
"2350","2008","","2","Mobile, Kiosk"
"2165","2009","","0",""
"913","1994","14.0","0",""
"2627","2010","","0","Mobile, Kiosk"
"2855","2015","","0",""
"1028","1996","15.0","0",""
"303","1987","8.0","0",""
"1485","2002","8.0","0",""
"2163","2007","7.0","0",""
"2147","2008","15.0","0",""
"304","1987","7.0","1","Mobile, Kiosk, CafePizza"
"300","1987","15.0","0",""
"245","1986","14.0","1","Starbucks"
"302","1987","7.0","0",""
"222","1984","8.0","0",""
"230","1985","8.0","0",""
"2482","2009","","0",""
"1029","1996","14.0","0",""
"2730","2011","","0",""
"1238","1999","9.0","0",""
"293","1987","7.0","0","CVS, pharmacy"
"685","1991","14.0","3",""
"2128","2006","15.0","0",""
"3258","2017","","0",""
"1033","1997","9.0","0","CVS, pharmacy, Starbucks"
"259","1987","13.0","0","Fresh, Grocery"
"1140","1998","15.0","0",""
"305","1987","14.0","0",""
"997","1995","15.0","0","CVS, pharmacy, Starbucks"
"286","1987","15.0","0","Beer, Available, Wine"
"336","1988","15.0","0",""
"2151","2007","15.0","0",""
"2397","2008","15.0","0",""
"1418","2002","7.0","1","CafePizza"
"1936","2004","7.0","0","CVS, pharmacy, Fresh, Grocery"
"1383","2001","8.0","0",""
"1332","2001","15.0","0",""
"192","1983","14.0","0","Starbucks"
"2019","2005","15.0","0",""
"2421","2008","15.0","0",""
"3233","2017","","0",""
"1411","2002","8.0","0",""
"1846","2003","7.0","0","CVS, pharmacy"
"250","1986","9.0","0",""
"205","1983","14.0","0","CVS, pharmacy, Mobile, Kiosk"
"1815","2003","15.0","0","CVS, pharmacy, Starbucks"
"2465","2008","15.0","0",""
"2082","2005","15.0","0",""
"883","1994","9.0","0",""
"227","1985","15.0","0","Mobile, Kiosk, Starbucks"
"193","1983","14.0","0","Starbucks"
"1293","2000","9.0","0",""
"1425","2002","15.0","0","Starbucks"
"1410","2002","7.0","0",""
"184","1983","14.0","0",""
"229","1985","7.0","0",""
"3205","2015","","0","Starbucks"
"1424","2002","15.0","0",""
"249","1986","15.0","0","Starbucks"
"2051","2005","15.0","0",""
"2232","2008","15.0","0","CVS, pharmacy"
"289","1987","15.0","0","Mobile, Kiosk"
"2304","2007","15.0","0",""
"1340","2001","15.0","0",""
"189","1983","14.0","0","Beer, Available, Starbucks, Wine"
"201","1983","14.0","0",""
"1305","2000","15.0","0",""
"1408","2002","16.0","0",""
"3262","2017","","0",""
"1328","2001","16.0","0","Starbucks"
"203","1983","15.0","0","Starbucks"
"190","1983","15.0","0",""
"2307","2007","7.0","0",""
"3225","2016","","0","CVS, pharmacy, Beer, Available, Wine"
"195","1983","15.0","0","Starbucks"
"1409","2003","15.0","0","Starbucks"
"2319","2007","15.0","0","Beer, Available, Wine"
"2424","2008","15.0","0",""
"2275","2007","15.0","0",""
"2470","2008","15.0","0",""
"2026","2005","15.0","0",""
"2328","2007","15.0","0",""
"290","1987","7.0","0",""
"200","1983","15.0","0","Starbucks"
"2280","2008","15.0","0",""
"2776","2012","","0",""
"1980","2005","15.0","0",""
"3217","2017","","0","Fresh, Grocery"
"1329","2001","8.0","0","Beer, Available, Wine"
"3216","2018","","0",""
"199","1983","8.0","0",""
"1306","2000","8.0","0","Beer, Available, Wine"
"2632","2009","","0",""
"1884","2004","15.0","0",""
"198","1984","15.0","0",""
"2775","2013","","0","CVS, pharmacy"
"1362","2001","9.0","0",""
"3251","2018","","0","Starbucks"
"294","1987","15.0","0",""
"2774","2012","","0",""
"183","1983","14.0","0","Beer, Available, Starbucks, Wine"
"1307","2001","9.0","0","Beer, Available, Wine"
"1309","2000","15.0","0","Beer, Available, Wine"
"3218","2017","","0",""
"2020","2005","15.0","0",""
"853","1994","14.0","0",""
"1862","2004","14.0","0",""
"313","1987","14.0","0",""
"1025","1996","15.0","0",""
"1527","2004","15.0","0","Starbucks"
"2492","2010","","0",""
"2463","2009","16.0","0",""
"310","1987","7.0","0","CVS, pharmacy"
"2268","2007","15.0","0",""
"312","1987","15.0","1","Starbucks"
"2347","2008","14.0","1",""
"1526","2003","14.0","0",""
"1819","2003","15.0","0",""
"311","1987","14.0","0","CVS, pharmacy, Mobile, Kiosk, Starbucks"
"1121","1998","15.0","0",""
"2115","2006","15.0","0",""
"2270","2007","15.0","1",""
"1098","1997","15.0","0",""
"2455","2009","","0",""
"738","1995","15.0","0",""
"332","1988","10.0","0","Fresh, Grocery, Mobile, Kiosk, Starbucks"
"267","1988","16.0","1","Fresh, Grocery, Available, Beer"
"938","1994","14.0","1",""
"827","1992","15.0","3",""
"2096","2005","14.0","1",""
"1502","2002","15.0","3",""
"273","1987","14.0","1",""
"2408","2008","15.0","0",""
"2604","2014","","1",""
"675","1991","15.0","0","Starbucks"
"828","1993","15.0","0",""
"2214","2006","15.0","0",""
"330","1987","9.0","0",""
"2771","2011","","0",""
"1208","1999","15.0","0",""
"949","1995","15.0","0",""
"328","1987","15.0","0","Starbucks"
"1097","2000","13.0","0",""
"331","1987","15.0","3","CVS, pharmacy"
"1304","2000","14.0","1","Starbucks, Fresh, Grocery"
"1026","1996","15.0","0","CVS, pharmacy"
"1438","2004","7.0","0","CVS, pharmacy"
"737","1995","15.0","0",""
"1428","2002","15.0","0","Starbucks"
"3202","2015","","1","Starbucks, CafePizza, Available, Beer"
"2185","2006","15.0","0","Beer, Available, Wine"
"3267","2017","","1","CafePizza, Available, Beer"
"1472","2002","7.0","0",""
"1422","2002","15.0","0","CVS, pharmacy"
"1507","2008","15.0","0",""
"1926","2004","15.0","0",""
"2767","2011","","0",""
"2615","2012","13.0","0",""
"2829","2013","","0",""
"626","1990","15.0","0","CVS, pharmacy, Starbucks"
"1426","2002","15.0","0","CVS, pharmacy, Beer, Available, Wine"
"2581","2010","","0",""
"318","1987","13.0","1",""
"3201","2015","","0",""
"1984","2005","15.0","1","Available, Beer"
"2766","2012","","0",""
"2772","2013","","0",""
"2238","2006","7.0","0",""
"2088","2006","8.0","0",""
"692","1992","15.0","0",""
"3265","2017","","0",""
"2768","2013","","0",""
"2386","2008","","2",""
"2830","2014","","0",""
"2281","2007","15.0","0",""
"3240","2017","","1","CafePizza"
"1122","1998","15.0","0",""
"2584","2009","16.0","0",""
"322","1987","10.0","0","Fresh, Grocery, Starbucks"
"321","1987","9.0","0",""
"2605","2014","","0",""
"3203","2015","","0",""
"2601","2013","","1",""
"3264","2017","","0",""
"3224","2016","","0","Fresh, Grocery"
"1927","2004","15.0","0",""
"1054","1997","15.0","0",""
"323","1987","15.0","0","CVS, pharmacy"
"324","1987","7.0","0",""
"320","1987","15.0","0",""
"1427","2002","15.0","0",""
"1407","2002","9.0","0",""
"641","1992","14.0","1","CVS, pharmacy"
"2252","2007","15.0","0",""
"852","1993","15.0","0",""
"937","1995","15.0","1",""
"2804","2014","","1",""
"2359","2008","14.0","0",""
"1851","2003","7.0","0","Fresh, Grocery, Mobile, Kiosk"
"2795","2012","","0",""
"1143","1998","14.0","1","Beer"
"941","1994","14.0","3",""
"1239","1999","18.0","3","CVS, pharmacy, Mobile, Kiosk, Fresh, Grocery"
"676","1991","14.0","1","Available, Beer"
"317","1987","13.0","3","CVS, pharmacy"
"2306","2007","14.0","0",""
"1062","1997","14.0","0",""
"1363","2001","13.0","1","Available, Beer"
"2744","2014","","0",""
"2472","2008","13.0","0",""
"275","1987","14.0","0","Starbucks"
"911","1996","14.0","0",""
"1417","2002","14.0","0",""
"2018","2005","14.0","0",""
"314","1987","14.0","0","Starbucks"
"358","1988","14.0","0","Starbucks"
"1906","2004","14.0","0",""
"2469","2008","14.0","1",""
"1805","2003","14.0","0","Starbucks"
"615","1989","13.0","1",""
"2349","2007","","2",""
"1120","1998","14.0","1",""
"2420","2008","14.0","1",""
"2759","2011","","1",""
"1384","2001","14.0","0",""
"2715","2009","","0",""
"309","1987","14.0","1",""
"614","1989","14.0","0","Starbucks"
"2524","2010","15.0","0",""
"1421","2004","13.0","0",""
"613","1989","13.0","1",""
"766","1996","13.0","3","CVS, pharmacy, Mobile, Kiosk"
"612","1989","13.0","3",""
"1405","2002","13.0","1","CafePizza"
"2329","2007","15.0","0","Beer, Available, Wine"
"288","1987","15.0","0",""
"299","1987","15.0","0","Starbucks"
"2030","2009","14.0","0",""
"2143","2006","7.0","0",""
"228","1985","8.0","0","Beer, Available, Wine"
"257","1987","14.0","0",""
"2810","2014","","0",""
"246","1987","14.0","0","Starbucks"
"2462","2010","","0",""
"1547","2003","14.0","0",""
"1100","1998","14.0","0",""
"1027","1996","7.0","0",""
"2760","2011","14.0","0",""
"298","1987","14.0","0","Starbucks"
"2398","2008","14.0","0","Beer, Available, Wine"
"905","1994","8.0","3","CVS, pharmacy, Mobile, Kiosk, Fresh, Grocery, Beer, Available, Wine"
"857","1994","13.0","0",""
"906","1994","20.0","3","CVS, pharmacy, Mobile, Kiosk, Fresh, Grocery, Beer, Available, Wine"
"2303","2007","","2",""
"879","1993","13.0","0","CVS, pharmacy, Mobile, Kiosk"
"217","1984","13.0","0",""
"1777","2001","8.0","2",""
"2383","2008","17.0","2",""
"2326","2007","","2",""
"532","1996","25.0","2",""
"856","1994","17.0","0","CVS, pharmacy, Fresh, Grocery, Mobile, Kiosk"
"1537","2003","13.0","3",""
"530","1995","17.0","2",""
"2125","2006","13.0","0",""
"2010","2006","13.0","0","Mobile, Kiosk"
"2454","2009","16.0","0",""
"1800","2003","13.0","0","Starbucks"
"609","1989","13.0","3",""
"608","1989","13.0","1","Starbucks"
"2110","2006","13.0","1",""
"618","1990","19.0","0","CVS, pharmacy, Fresh, Grocery, Mobile, Kiosk, Beer, Available, Starbucks, Wine"
"739","1995","8.0","3","CVS, pharmacy, Fresh, Grocery, Beer, Available, Wine"
"1501","2002","8.0","2","&"
"154","1981","10.0","0","Fresh, Grocery, Beer, Available, Starbucks, Wine"
"2221","2007","","2","&"
"1326","2001","14.0","0","Beer, Available, Wine"
"2219","2006","19.0","2","&"
"2023","2005","","2","&"
"2716","2009","","2","&"
"271","1988","15.0","0","Wine"
"1976","2005","","2","&"
"147","1981","15.0","1",""
"2458","2008","14.0","1","Mobile, Kiosk, Available, Beer"
"1776","2001","14.0","2","Beer, Available, &"
"256","1987","14.0","3","Mobile, Kiosk, Beer, Available, Wine"
"2261","2008","","2","&"
"2820","2013","","0","Wine"
"1413","2002","15.0","3","Wine"
"1806","2003","14.0","2",""
"2717","2011","14.0","0","Wine"
"1471","2002","14.0","2","&"
"1500","2002","14.0","2","&"
"2225","2007","18.0","0","Fresh, Grocery, Beer, Available, Wine"
"2052","2005","7.0","2","&"
"2021","2005","","2","&"
"1525","2003","15.0","1","Starbucks"
"48","1976","15.0","1",""
"1928","2004","","2","&"
"1372","2001","14.0","2","&"
"2197","2006","","2","&"
"2183","2006","","2","&"
"1769","2000","14.0","2","&"
"64","1978","15.0","1",""
"2218","2006","19.0","2","&"
"2029","2005","","1","Fresh, Grocery, Available, Beer"
"1813","2003","16.0","1",""
"1178","1998","8.0","1","Fresh, Grocery, CafePizza, Available, Beer"
"2403","2008","","2","&"
"79","1979","10.0","0","Fresh, Grocery, Beer, Available, Starbucks, Wine"
"221","1985","11.0","2",""
"224","1985","18.0","3","CVS, pharmacy, Fresh, Grocery, Beer, Available, Wine"
"831","1992","8.0","3","CVS, pharmacy, Mobile, Kiosk, Fresh, Grocery, Beer, Available, Wine"
"2457","2008","13.0","1",""
"164","1982","18.0","0","CVS, pharmacy, Fresh, Grocery, Mobile, Kiosk, Beer, Available, Starbucks, Wine"
"2190","2006","11.0","2",""
"1751","1996","16.0","2","&"
"1752","1996","12.0","2","&"
"2123","2006","","1","Available, Beer"
"768","1999","21.0","3","Mobile, Kiosk, Fresh, Grocery, Beer, Available, Wine"
"2150","2006","","1","Mobile, Kiosk, Fresh, Grocery, Available, Beer"
"2641","2010","","1","Available, Beer"
"2609","2012","","1",""
"1750","1996","","2","Starbucks, &"
"1755","1997","12.0","2","&"
"1753","1997","8.0","1","CafePizza"
"2249","2007","14.0","1","Mobile, Kiosk, Available, Beer"
"1955","2005","14.0","1","Available, Beer"
"2045","2006","14.0","1","Available, Beer"
"1956","2005","14.0","1","Available, Beer"
"1916","2004","14.0","1","Available, Beer"
"2361","2008","14.0","1","Available, Beer"
"2156","2006","14.0","1","Fresh, Grocery, Available, Beer"
"1528","2004","14.0","0","Beer, Available, Starbucks, Wine"
"1373","2001","14.0","1","Starbucks, Available, Beer"
"2434","2008","14.0","1","Available, Beer"
"1802","2003","14.0","1","Starbucks, Available, Beer"
"1289","2000","14.0","1","Starbucks, Available, Beer"
"1544","2004","15.0","1","Available, Beer"
"1191","1999","9.0","0","Wine"
"2305","2007","14.0","1","Available, Beer"
"1954","2005","13.0","0","Fresh, Grocery, Wine"
"1818","2003","15.0","1","CafePizza"
"1948","2005","15.0","1",""
"1108","1998","9.0","0","Wine"
"1387","2002","","3","Fresh, Grocery, Wine"
"2844","2013","","1",""
"2847","2014","","1",""
"2102","2006","14.0","1",""
"1358","2003","14.0","1","Starbucks"
"1249","2000","14.0","3","Beer, Available, Wine"
"2213","2006","14.0","1","Fresh, Grocery, Available, Beer"
"1148","1999","16.0","1",""
"1866","2004","7.0","1",""
"1885","2004","15.0","0","Wine"
"3259","2017","","1","CVS, pharmacy, Starbucks, CafePizza"
"1856","2004","13.0","3","Wine"
"1264","2000","9.0","0","Wine"
"1267","2000","14.0","1","Starbucks, Available, Beer"
"1147","1998","15.0","0","Wine"
"1083","1998","14.0","0","Wine"
"1887","2004","14.0","0","Wine"
"1139","1998","7.0","0","Wine"
"1255","2001","14.0","3","Beer, Available, Wine"
"1808","2003","7.0","0","Wine"
"2076","2006","13.0","1",""
"3235","2016","","1","Fresh, Grocery, CafePizza, Available, Beer"
"2811","2014","","1",""
"3236","2016","","1","CVS, pharmacy, CafePizza"
"1798","2004","7.0","0","Wine"
"3237","2016","","1","CafePizza"
"1150","1998","8.0","0","Wine"
"2024","2005","13.0","1",""
"2451","2010","","0","Wine"
"2475","2009","14.0","0","Wine"
"2840","2012","13.0","1",""
"2433","2009","","1","Mobile, Kiosk, Available, Beer"
"2380","2010","","0","CVS, pharmacy, Wine"
"1330","2001","14.0","1","Available, Beer"
"3230","2016","","1","Starbucks, CafePizza"
"1344","2001","7.0","0","Wine"
"2381","2009","14.0","0","Beer, Available, Wine"
"1263","2000","15.0","0","Beer, Available, Wine"
"1232","1999","12.0","1","Available, Beer"
"1865","2004","14.0","1","Available, Beer"
"3277","2017","","0","Starbucks, Wine"
"1401","2002","8.0","0","Wine"
"1318","2001","13.0","1","CafePizza"
"3229","2016","","0","Starbucks, Wine"
"2850","2017","","0","Fresh, Grocery, Wine"
"1849","2004","7.0","0","Fresh, Grocery, Wine"
"1886","2004","15.0","0","Beer, Available, Wine"
"1822","2003","15.0","0","Beer, Available, Starbucks, Wine"
"2212","2008","9.0","0","Wine"
"1296","2001","13.0","3","Wine"
"3276","2017","","1","CVS, pharmacy, Starbucks, CafePizza"
"2247","2007","14.0","1","Available, Beer"
"1175","2000","15.0","1","Available, Beer"
"2432","2008","11.0","1","Fresh, Grocery, Available, Beer"
"1839","2003","13.0","1","Starbucks, Available, Beer"
"3290","2018","","1","CafePizza, Available, Beer"
"2141","2008","14.0","0","Beer, Available, Wine"
"1491","2002","15.0","1","Starbucks, Available, Beer"
"2753","2013","","1",""
"1084","1997","14.0","1","Starbucks, Mobile, Kiosk, Available, Beer"
"1315","2001","14.0","1","Starbucks, Available, Beer"
"2127","2006","11.0","1","Available, Beer"
"1467","2002","13.0","1","CafePizza, Available, Beer"
"2006","2006","14.0","1",""
"1864","2004","7.0","1","Available, Beer"
"1192","1999","15.0","3","Beer, Available, Wine"
"1155","2001","14.0","3","Beer, Available, Wine"
"1055","1997","7.0","0","Beer, Available, Wine"
"1188","1999","14.0","3","Beer, Available, Wine"
"2430","2008","15.0","1","Available, Beer"
"1404","2002","14.0","1","CafePizza, Available, Beer"
"1835","2003","14.0","1","Starbucks, Available, Beer"
"1929","2006","14.0","1","Available, Beer"
"1378","2002","7.0","1","Available, Beer"
"2073","2005","14.0","1","Fresh, Grocery, Available, Beer"
"1348","2001","14.0","1","CafePizza, Available, Beer"
"1224","1999","7.0","1","Available, Beer"
"1152","1998","14.0","3","Beer, Available, Wine"
"1796","2003","14.0","1","Starbucks"
"1374","2001","14.0","3","Beer, Available, Wine"
"2446","2008","14.0","1","Available, Beer"
"1184","2001","15.0","3","Beer, Available, Wine"
"2853","2014","","1","Available, Beer"
"1496","2002","14.0","1","CafePizza, Available, Beer"
"1190","1999","14.0","3","Beer, Available, Wine"
"1281","2000","14.0","1","CafePizza, Available, Beer"
"2607","2011","","1","Available, Beer"
"1268","2000","14.0","1","CafePizza"
"2256","2007","14.0","1","Mobile, Kiosk, Available, Beer"
"1930","2005","14.0","1","Available, Beer"
"1823","2003","14.0","3","Beer, Available, Wine"
"1516","2003","14.0","1","Available, Beer"
"1915","2004","14.0","1",""
"1153","1998","14.0","1","Available, Beer"
"1345","2001","14.0","3","Beer, Available, Wine"
"2570","2011","","1","Available, Beer"
"1521","2003","14.0","1","Starbucks"
"1965","2005","14.0","1","Available, Beer"
"1308","2001","8.0","0","Beer, Available, Wine"
"2167","2006","14.0","1","Available, Beer"
"1154","1999","15.0","3","Beer, Available, Wine"
"1189","1999","14.0","1","CafePizza, Available, Beer"
"1151","1999","16.0","3","Beer, Available, Wine"
"2267","2007","14.0","1","Available, Beer"
"1477","2002","14.0","1","CafePizza"
"2805","2012","","1",""
"1260","2000","14.0","3","Beer, Available, Wine"
"2649","2015","","1","Available, Beer"
"2120","2006","13.0","1",""
"1464","2002","14.0","1","CafePizza, Available, Beer"
"2258","2008","14.0","1","Available, Beer"
"3223","2018","","1","Starbucks, CafePizza, Available, Beer"
"1442","2002","16.0","0","Beer, Available, Wine"
"2693","2010","","0","Beer, Available, Wine"
"3226","2016","","1","CVS, pharmacy, Starbucks, CafePizza, Available, Beer"
"2173","2006","14.0","1","Fresh, Grocery, Available, Beer"
"2822","2015","","0",""
"2536","2009","","1","Available, Beer"
"3222","2017","","1","CVS, pharmacy, Starbucks, CafePizza, Available, Beer"
"1898","2004","14.0","0","Beer, Available, Wine"
"1135","1998","16.0","0","Beer, Available, Wine"
"2292","2007","14.0","1","Available, Beer"
"1441","2002","13.0","0","Fresh, Grocery, Beer, Available, Wine"
"2461","2008","13.0","1",""
"1271","2000","14.0","3","Wine"
"1228","1999","14.0","1","Starbucks"
"1229","2000","8.0","0",""
"2480","2009","","1","Available, Beer"
"2532","2009","","0","Beer, Available, Wine"
"1532","2003","14.0","1","Starbucks"
"1158","1998","16.0","3","Beer, Available, Wine"
"1266","2000","8.0","0","Beer, Available, Wine"
"3253","2017","","1","CafePizza, Available, Beer"
"1183","1999","16.0","3","Beer, Available, Wine"
"1495","2002","9.0","3","Fresh, Grocery, Beer, Available, Wine"
"1942","2005","7.0","0","Beer, Available, Wine"
"2392","2008","14.0","1","Available, Beer"
"2729","2014","","0",""
"1290","2000","8.0","1","CafePizza, Available, Beer"
"2399","2009","","1","Available, Beer"
"1196","1999","8.0","0","Beer, Available, Wine"
"1809","2003","16.0","1","Available, Beer"
"1474","2002","14.0","3","Beer, Available, Wine"
"2246","2007","16.0","1","Available, Beer"
"2104","2006","16.0","0","Mobile, Kiosk, Beer, Available, Wine"
"1917","2004","16.0","0","Beer, Available, Wine"
"1256","2001","16.0","1","Available, Beer"
"1803","2003","","1","Starbucks, Mobile, Kiosk, Fresh, Grocery, Available, Beer"
"1186","1999","13.0","1","Fresh, Grocery, CafePizza"
"2418","2009","16.0","1","Available, Beer"
"1159","1999","8.0","0","Beer, Available, Wine"
"2009","2005","14.0","1",""
"2287","2007","14.0","1","Mobile, Kiosk, Available, Beer"
"1510","2003","14.0","1","Available, Beer"
"1187","1999","16.0","0","Beer, Available, Wine"
"2527","2009","","1","Available, Beer"
"2608","2016","","0","Beer, Available, Wine"
"1830","2005","14.0","1",""
"1365","2002","7.0","1","CafePizza, Available, Beer"
"2075","2005","16.0","1","Available, Beer"
"1085","1997","16.0","1","Available, Beer"
"2325","2007","14.0","1","Available, Beer"
"1133","1998","16.0","3","Beer, Available, Wine"
"1520","2003","14.0","1","Starbucks"
"1845","2003","14.0","1","Starbucks, Available, Beer"
"3247","2017","","1","CafePizza, Available, Beer"
"1269","2000","16.0","1","Available, Beer"
"2124","2007","8.0","1","CafePizza, Available, Beer"
"3227","2017","","1","CafePizza, Available, Beer"
"3212","2016","","1","CafePizza, Available, Beer"
"3206","2016","","1","CVS, pharmacy, Starbucks, CafePizza, Available, Beer"
"1443","2002","8.0","1","CafePizza, Available, Beer"
"2596","2014","","1","Available, Beer"
"1389","2001","16.0","3","Beer, Available, Wine"
"2131","2006","16.0","1","Available, Beer"
"2181","2006","16.0","1","Available, Beer"
"1291","2002","7.0","1","CafePizza, Available, Beer"
"1132","1998","16.0","1","Available, Beer"
"1227","1999","14.0","3",""
"2384","2008","16.0","1","Available, Beer"
"2548","2009","","1","Mobile, Kiosk, Available, Beer"
"1136","1998","16.0","1","Starbucks, Available, Beer"
"1109","1997","16.0","3","Beer, Available, Wine"
"2312","2009","","1","Available, Beer"
"2537","2010","","1","Available, Beer"
"1056","1997","14.0","1",""
"1134","1998","16.0","3","Beer, Available, Wine"
"2529","2009","","1","Mobile, Kiosk, Available, Beer"
"2496","2009","16.0","0","Beer, Available, Wine"
"2302","2008","14.0","1","Available, Beer"
"2172","2007","16.0","0","Beer, Available, Wine"
"2530","2009","","1",""
"1492","2002","13.0","3","Wine"
"1146","1998","16.0","1","Available, Beer"
"1222","2000","16.0","1","Starbucks, Available, Beer"
"2170","2006","","1","Fresh, Grocery, Available, Beer"
"2182","2006","16.0","1",""
"2764","2010","","1","Available, Beer"
"2072","2005","14.0","1","Available, Beer"
"2545","2011","","1","Available, Beer"
"1476","2002","13.0","3","Wine"
"2867","2018","","1","CafePizza, Available, Beer"
"1508","2002","13.0","1","CafePizza"
"2437","2008","13.0","1","Available, Beer"
"2166","2006","","1","Mobile, Kiosk, Fresh, Grocery"
"1312","2001","13.0","3","Beer, Available, Wine"
"2439","2008","13.0","1","Mobile, Kiosk, Available, Beer"
"2324","2007","13.0","1",""
"2295","2007","","1","Fresh, Grocery"
"2158","2006","13.0","1",""
"1043","1997","15.0","3","Mobile, Kiosk, Beer, Available, Wine"
"1475","2002","13.0","3","Wine"
"1254","2000","14.0","3","Beer, Available, Wine"
"2186","2006","14.0","1","Available, Beer"
"1338","2001","13.0","3",""
"1221","1999","14.0","3","Beer, Available, Wine"
"1002","1996","15.0","3","Beer, Available, Wine"
"1871","2004","","1","Fresh, Grocery, Available, Beer"
"1875","2004","14.0","1","Available, Beer"
"2202","2007","14.0","1","Available, Beer"
"1001","1996","16.0","1","Available, Beer"
"1970","2005","15.0","1","Available, Beer"
"2099","2006","14.0","3","Beer, Available, Wine"
"1265","2000","16.0","1","CafePizza, Available, Beer"
"1142","1998","13.0","3","Beer, Available, Wine"
"2567","2011","","3","Beer, Available, Wine"
"2845","2013","","1","Available, Beer"
"2459","2008","13.0","3","Wine"
"2253","2007","12.0","3","Wine"
"1541","2003","15.0","1","CafePizza, Available, Beer"
"1045","1996","15.0","3","Beer, Available, Wine"
"1000","1996","11.0","3","Fresh, Grocery, Beer, Available, Wine"
"2130","2006","13.0","1",""
"2315","2008","","1","Fresh, Grocery, Available, Beer"
"1156","1998","13.0","3","Wine"
"1195","1999","13.0","1","CafePizza"
"2038","2005","13.0","1",""
"2211","2006","13.0","1",""
"1157","1998","13.0","3","Wine"
"1194","1999","13.0","3","Wine"
"2528","2009","","1","Mobile, Kiosk"
"1938","2004","15.0","3","Beer, Available, Wine"
"1003","1996","15.0","1","Available, Beer"
"2310","2008","13.0","1","Available, Beer"
"2271","2008","15.0","1","Available, Beer"
"1042","1996","15.0","3","Beer, Available, Wine"
"1044","1996","14.0","3","Beer, Available, Wine"
"2631","2012","","3","Beer, Available, Wine"
"1007","1996","15.0","1","Available, Beer"
"1004","1996","7.0","1","Available, Beer"
"2007","2006","15.0","1","Available, Beer"
"1295","2000","15.0","1","CafePizza, Available, Beer"
"1138","1998","16.0","1","Available, Beer"
"1006","1996","15.0","1","Available, Beer"
"1233","1999","","3","Mobile, Kiosk, Fresh, Grocery, Beer, Available, Wine"
"3211","2015","","1","Starbucks, CafePizza, Available, Beer"
"1890","2004","15.0","1","Available, Beer"
"1415","2002","15.0","1","CafePizza, Available, Beer"
"1897","2004","15.0","1","Available, Beer"
"1854","2005","14.0","1","Starbucks, Available, Beer"
"2259","2008","9.0","1",""
"1046","1996","7.0","1","Available, Beer"
"3242","2017","","1","CafePizza, Available, Beer"
"1193","1999","9.0","1","Available, Beer"
"3210","2015","","1","CafePizza"
"1137","1998","15.0","3","Beer, Available, Wine"
"1076","1997","9.0","3",""
"2394","2008","15.0","1","Available, Beer"
"1893","2004","8.0","1",""
"1431","2002","9.0","1",""
"3295","2018","","1","Starbucks, CafePizza"
"1533","2003","15.0","1","Starbucks"
"1008","1996","15.0","1","Available, Beer"
"2790","2012","","1",""
"2241","2007","13.0","3","Beer, Available, Wine"
"1416","2002","15.0","1","CafePizza"
"1009","1996","7.0","1",""
"1088","1997","15.0","1",""
"2272","2007","15.0","1",""
"1258","2000","8.0","1","CafePizza, Available, Beer"
"2133","2007","15.0","1","Available, Beer"
"1874","2004","","2",""
"1005","1997","15.0","1","Starbucks"
"1341","2001","15.0","1","Starbucks"
"1257","2000","15.0","3","Beer, Available, Wine"
"1827","2003","15.0","1","Starbucks"
"759","1996","15.0","1",""
"2017","2005","15.0","1",""
"2323","2008","","2",""
"1873","2004","7.0","2",""
"2538","2009","","1","Mobile, Kiosk"
"1857","2004","15.0","3",""
"3234","2016","","1","CafePizza, Available, Beer"
"1288","2000","8.0","1","Fresh, Grocery, CafePizza, Available, Beer"
"2379","2008","14.0","1","Mobile, Kiosk"
"2175","2007","14.0","3","Mobile, Kiosk"
"1234","1999","15.0","3",""
"772","1996","13.0","3","Fresh, Grocery"
"2138","2006","","2",""
"2297","2007","14.0","1","Mobile, Kiosk"
"1160","1998","","3","CVS, pharmacy, Fresh, Grocery, Beer, Available, Wine"
"2250","2007","14.0","1","Mobile, Kiosk"
"1019","1996","18.0","1","Fresh, Grocery"
"1968","2005","13.0","1","Mobile, Kiosk"
"2337","2007","13.0","1","Mobile, Kiosk"
"2296","2008","14.0","1","Mobile, Kiosk"
"2436","2008","","1","Fresh, Grocery"
"1049","1997","13.0","1",""
"1018","1997","13.0","1",""
"1161","1998","14.0","3",""
"1931","2005","","1","Mobile, Kiosk, Fresh, Grocery"
"1103","1997","14.0","1",""
"1041","1997","13.0","1","Fresh, Grocery"
"1858","2005","13.0","1","Fresh, Grocery"
"2501","2009","16.0","1",""
"2478","2009","","1","Mobile, Kiosk, Fresh, Grocery"
"1017","1996","13.0","1",""
"1225","1999","13.0","3","Mobile, Kiosk"
"2071","2005","13.0","1",""
"1047","1998","14.0","1",""
"1048","1996","14.0","1",""
"2770","2012","","1",""
"1105","1997","14.0","3",""
"2396","2008","14.0","1","Mobile, Kiosk"
"1420","2002","14.0","3",""
"1021","1996","14.0","1",""
"1016","1996","13.0","3",""
"2203","2006","14.0","1",""
"2294","2007","","1","Fresh, Grocery"
"1275","2000","13.0","3",""
"962","1995","19.0","3","Mobile, Kiosk, Fresh, Grocery"
"1022","1996","8.0","3","Mobile, Kiosk, Fresh, Grocery, Beer, Available, Wine"
"2058","2005","14.0","1","Mobile, Kiosk"
"1294","2002","13.0","2",""
"2364","2008","","2",""
"2062","2005","14.0","2",""
"919","1994","14.0","3","Mobile, Kiosk"
"2489","2009","","3","Mobile, Kiosk"
"874","1993","15.0","2",""
"688","1992","20.0","2","Fresh, Grocery"
"1966","2005","","2",""
"1519","2003","","2",""
"845","1993","15.0","2","Mobile, Kiosk, Starbucks"
"1795","2003","","2",""
"647","1991","15.0","3",""
"2264","2007","","2",""
"898","1994","15.0","2",""
"897","1994","15.0","2",""
"649","1991","15.0","2","Starbucks"
"2032","2005","15.0","2",""
"1967","2004","15.0","2",""
"1518","2003","9.0","2",""
"2376","2008","","2",""
"2118","2007","","2",""
"1382","2002","","2",""
"2370","2009","","2",""
"650","1991","18.0","3","Mobile, Kiosk, Fresh, Grocery"
"1760","1999","16.0","2",""
"655","1991","7.0","2",""
"1790","2001","8.0","2",""
"1918","2004","","2",""
"656","1991","13.0","2","CVS, pharmacy, Mobile, Kiosk, Starbucks"
"2366","2008","15.0","2",""
"652","1991","14.0","2",""
"1859","2004","13.0","2","Mobile, Kiosk"
"798","1996","14.0","2","Mobile, Kiosk"
"2289","2007","","2",""
"2040","2005","15.0","1",""
"1820","2003","7.0","2",""
"1299","2000","13.0","2","Starbucks"
"812","1992","15.0","2",""
"1051","1996","15.0","2","Starbucks"
"2235","2007","","2",""
"2269","2007","13.0","2",""
"654","1991","15.0","2","Starbucks"
"1131","1999","15.0","3",""
"2064","2005","15.0","2",""
"1023","1996","15.0","2",""
"1053","1996","13.0","2",""
"1934","2004","","2",""
"689","1992","21.0","2","Fresh, Grocery, Mobile, Kiosk"
"817","1992","18.0","1","Starbucks, Mobile, Kiosk, Fresh, Grocery"
"2547","2009","","2","Mobile, Kiosk"
"2034","2006","","2",""
"799","1997","13.0","2",""
"665","1991","21.0","3","Mobile, Kiosk, Fresh, Grocery"
"813","1992","18.0","3","Mobile, Kiosk, Fresh, Grocery"
"690","1992","21.0","2","Fresh, Grocery, Mobile, Kiosk"
"1050","1996","13.0","2",""
"2248","2007","","2","Fresh, Grocery, Mobile, Kiosk"
"2316","2007","","2",""
"816","1992","13.0","2",""
"1454","2002","13.0","2",""
"2369","2008","","1","Mobile, Kiosk, Fresh, Grocery"
"818","1993","20.0","2",""
"2363","2008","","2",""
"2059","2005","","2",""
"2317","2008","","2",""
"2063","2007","","2",""
"899","1994","13.0","2",""
"1935","2004","21.0","2",""
"1941","2005","15.0","2",""
"2065","2006","","2",""
"2427","2009","16.0","2",""
"1110","1998","15.0","2",""
"2067","2006","","2",""
"2210","2007","7.0","2",""
"638","1991","15.0","2","Mobile, Kiosk, Starbucks"
"2265","2007","15.0","2","Mobile, Kiosk"
"642","1991","15.0","2","Starbucks"
"2146","2008","17.0","2",""
"815","1992","20.0","2",""
"2092","2008","","2",""
"1480","2003","15.0","2","Starbucks"
"1337","2001","15.0","2",""
"1512","2003","","2",""
"920","1994","15.0","2",""
"2022","2005","","2",""
"1163","1999","16.0","2",""
"2196","2008","15.0","1",""
"877","1993","15.0","2","Starbucks"
"2109","2007","15.0","2",""
"1074","1998","8.0","2",""
"2848","2014","","2",""
"746","1996","15.0","2",""
"1038","1996","15.0","2",""
"968","1995","15.0","1",""
"2188","2006","9.0","0",""
"1039","1996","9.0","0",""
"2843","2013","","2",""
"1075","1997","15.0","2","Mobile, Kiosk, Starbucks"
"1391","2002","13.0","2",""
"1529","2003","13.0","2","Starbucks"
"1829","2003","13.0","2",""
"1493","2003","13.0","2",""
"1923","2004","12.0","1",""
"2565","2011","14.0","1",""
"1319","2001","12.0","3",""
"1371","2001","14.0","3",""
"2132","2006","","2",""
"1181","1999","13.0","3",""
"762","1995","14.0","1","Mobile, Kiosk"
"2308","2007","","1","Mobile, Kiosk, Fresh, Grocery"
"1087","1997","14.0","1",""
"2090","2006","13.0","1","Fresh, Grocery"
"2244","2007","14.0","1",""
"2080","2008","","2",""
"2395","2008","14.0","1",""
"966","1995","14.0","1",""
"918","1994","14.0","1",""
"1081","1997","14.0","3",""
"1793","2003","19.0","1","Starbucks, Mobile, Kiosk, Fresh, Grocery"
"1505","2003","","2",""
"2074","2005","14.0","3","Mobile, Kiosk"
"2169","2006","19.0","2",""
"1452","2002","13.0","3",""
"2742","2012","","2",""
"963","1995","13.0","2",""
"1086","1998","13.0","3",""
"1077","1997","13.0","1","CafePizza"
"2134","2006","","1","Fresh, Grocery"
"1079","1997","8.0","3","Mobile, Kiosk, Fresh, Grocery"
"1078","1997","13.0","3",""
"2108","2006","13.0","1",""
"1180","1999","13.0","3",""
"2037","2005","13.0","1",""
"755","1995","14.0","1",""
"1292","2000","13.0","1","Mobile, Kiosk, CafePizza"
"3241","2017","","1","Fresh, Grocery, CafePizza"
"1107","1998","14.0","3",""
"2785","2013","","1",""
"2682","2011","","0",""
"2412","2009","13.0","0",""
"2660","2015","","0",""
"2697","2015","","0",""
"2870","2017","","0",""
"2410","2009","13.0","0",""
"2411","2009","13.0","0",""
"2526","2009","","0","Mobile, Kiosk"
"804","1992","29.0","2",""
"1792","2001","24.0","2",""
"1170","1999","14.0","0",""
"878","1993","13.0","3",""
"1767","2000","","2",""
"1939","2004","13.0","0",""
"2041","2005","13.0","0",""
"1791","2001","7.0","2",""
"1768","2002","23.0","2",""
"69","1978","13.0","0",""
"1771","2000","9.0","2",""
"803","1992","8.0","0","CVS, pharmacy, Fresh, Grocery, Mobile, Kiosk, Beer, Available, Wine"
"1901","2004","","2",""
"2321","2007","","2","&"
"1113","1998","14.0","3",""
"1068","1997","12.0","1","Mobile, Kiosk, Fresh, Grocery, CafePizza"
"1351","2001","13.0","2","&"
"663","1991","13.0","1","Starbucks, Available, Beer"
"86","1980","13.0","3",""
"1096","1997","19.0","1","Fresh, Grocery, Available, Beer"
"1211","2000","13.0","1","CafePizza, Available, Beer"
"620","1990","13.0","3",""
"1522","2003","19.0","1","Fresh, Grocery, CafePizza, Available, Beer"
"1484","2002","","2","&"
"2390","2008","","2","&"
"643","1990","23.0","2","&"
"2340","2007","18.0","2","&"
"1833","2003","7.0","2","&"
"360","1989","15.0","2","Beer, Available, Starbucks, &"
"533","1996","11.0","2",""
"1272","2000","15.0","2","Beer, Available, Starbucks, &"
"662","1991","15.0","2","Beer, Available, &"
"2519","2012","","2","Beer, Available, &"
"926","1995","13.0","1","Available, Beer"
"1352","2001","9.0","2",""
"5","1965","15.0","2","Beer, Available, &"
"220","1984","15.0","2","Beer, Available, Starbucks, &"
"2313","2007","18.0","2","Beer, Available"
"2300","2007","","2","&"
"2046","2005","20.0","2","&"
"862","1993","7.0","2","Beer, Available, &"
"2449","2008","15.0","2","Beer, Available, &"
"3204","2015","","1","Starbucks, CafePizza, Available, Beer"
"694","1992","15.0","2","Beer, Available, &"
"2406","2011","7.0","2","Beer, Available, &"
"1356","2001","10.0","2","&"
"260","1987","8.0","2","Beer, Available, &"
"68","1978","15.0","2","Beer, Available, &"
"860","1993","17.0","0","CVS, pharmacy, Fresh, Grocery"
"2189","2006","19.0","2",""
"52","1976","15.0","2","Beer, Available, &"
"2229","2007","8.0","2",""
"3239","2017","","1","CafePizza, Available, Beer"
"1235","1999","15.0","3","Beer, Available, Wine"
"1375","2001","8.0","0",""
"3200","2014","","0","Starbucks, Wine"
"100","1981","17.0","2","Beer, Available, &"
"2135","2006","15.0","2","Beer, Available, &"
"1095","1997","15.0","2","Beer, Available, &"
"2101","2005","9.0","2","&"
"1185","1999","15.0","2","Beer, Available, Starbucks, &"
"931","1994","15.0","2","Beer, Available, &"
"664","1991","14.0","2",""
"751","1997","15.0","2","Beer, Available, &"
"619","1991","13.0","2",""
"3","1962","15.0","2","Beer, Available, &"
"1774","2000","9.0","2",""
"2200","2006","19.0","2","&"
"2223","2006","16.0","2","Beer, Available, &"
"240","1986","15.0","2","Beer, Available, Starbucks, &"
"1210","1999","21.0","3","Mobile, Kiosk, Fresh, Grocery, Beer, Available, Wine"
"693","1992","15.0","2","Beer, Available, &"
"820","1992","15.0","2","Beer, Available, Mobile, Kiosk, &"
"2193","2007","18.0","2",""
"1832","2003","13.0","2","&"
"1448","2002","7.0","2",""
"1831","2003","","2","&"
"1144","1998","15.0","2","Beer, Available, &"
"2025","2005","13.0","2","Fresh, Grocery, Beer, Available, &"
"1456","2002","","2","&"
"861","1993","15.0","2","Beer, Available, &"
"891","1994","","3","Mobile, Kiosk, Fresh, Grocery, Beer, Available, Wine"
"1060","1997","15.0","3",""
"2106","2007","","2",""
"1244","2000","15.0","3","Beer, Available, Wine"
"2765","2011","","3",""
"2456","2008","17.0","2",""
"2180","2007","","2","&"
"1069","1997","15.0","3",""
"2491","2009","","3","Beer, Available, Wine"
"2540","2009","","1",""
"661","1991","19.0","3","Fresh, Grocery, Beer, Available, Wine"
"76","1979","14.0","1","Starbucks"
"805","1992","17.0","0","CVS, pharmacy, Fresh, Grocery, Mobile, Kiosk"
"1303","2000","14.0","2","Beer, Available, Starbucks, &"
"1799","2003","14.0","0","Starbucks"
"809","1992","13.0","3","Beer, Available, Wine"
"810","1992","14.0","3",""
"930","1994","15.0","3","Beer, Available, Wine"
"215","1985","15.0","3","Beer, Available, Wine"
"806","1992","21.0","0","CVS, pharmacy, Fresh, Grocery, Mobile, Kiosk, Beer, Available, Starbucks, Wine"
"871","1993","14.0","1","Available, Beer"
"929","1994","19.0","3","Fresh, Grocery"
"2824","2013","","0",""
"2559","2009","16.0","1","Mobile, Kiosk, Available, Beer"
"364","1989","13.0","0","Starbucks"
"2348","2007","","0","Fresh, Grocery, Mobile, Kiosk"
"864","1993","14.0","3",""
"1801","2003","","2",""
"808","1992","19.0","3","Fresh, Grocery"
"807","1992","13.0","3",""
"1166","1999","16.0","3",""
"2546","2009","","1","Mobile, Kiosk, Available, Beer"
"834","1993","21.0","3","Mobile, Kiosk, Fresh, Grocery"
"2378","2008","","2",""
"1896","2004","","2",""
"2177","2006","15.0","1","Available, Beer"
"839","1993","15.0","0",""
"82","1979","14.0","1","CafePizza, Available, Beer"
"1323","2002","","2",""
"2122","2006","15.0","0","Mobile, Kiosk"
"1402","2002","15.0","3","Mobile, Kiosk"
"1311","2000","14.0","1","CafePizza, Available, Beer"
"670","1991","13.0","0",""
"137","1982","13.0","3","CVS, pharmacy"
"1951","2005","","1","Fresh, Grocery, Available, Beer"
"1881","2004","15.0","0",""
"943","1995","14.0","3","Beer, Available, Wine"
"1403","2002","15.0","3","Beer, Available, Wine"
"894","1995","15.0","3",""
"840","1993","21.0","2",""
"1903","2004","","2",""
"867","1993","7.0","0","Beer, Available, Wine"
"838","1993","15.0","0",""
"1950","2005","","2",""
"835","1993","19.0","2",""
"1213","2000","15.0","0",""
"866","1993","15.0","0",""
"836","1993","21.0","2",""
"2028","2005","15.0","0",""
"1024","1996","15.0","0",""
"895","1994","13.0","3",""
"1882","2004","15.0","0",""
"880","1994","15.0","0","Beer, Available, Wine"
"957","1995","15.0","0",""
"1036","1997","15.0","0",""
"893","1994","15.0","0",""
"842","1993","15.0","0",""
"753","1996","15.0","0",""
"2035","2005","8.0","2",""
"843","1993","15.0","0",""
"2490","2009","","2",""
"1176","1998","7.0","0",""
"2081","2005","20.0","2",""
"1912","2004","","2",""
"1342","2001","15.0","0",""
"837","1993","15.0","0","Starbucks"
"1385","2002","15.0","1","CafePizza, Available, Beer"
"868","1993","15.0","0","Starbucks"
"3270","2017","","0",""
"833","1993","20.0","2",""
"841","1993","15.0","0","Starbucks"
"1888","2004","15.0","0","Beer, Available, Wine"
"2087","2007","15.0","1","Available, Beer"
"1924","2004","15.0","0",""
"1125","1998","15.0","0","Starbucks"
"732","1995","15.0","1","Available, Beer"
"1879","2004","15.0","0","Beer, Available, Wine"
"928","1995","8.0","0",""
"865","1993","15.0","0",""
"2344","2008","15.0","0",""
"1460","2002","15.0","3","Mobile, Kiosk"
"1167","1999","8.0","0",""
"2860","2015","","0",""
"1168","1998","7.0","0",""
"2078","2006","15.0","0",""
"3252","2017","","0","Starbucks"
"1437","2003","8.0","0",""
"942","1994","8.0","0",""
"2781","2012","","0",""
"927","1994","15.0","0","Beer, Available, Wine"
"1488","2002","15.0","3","Beer, Available, Wine"
"3214","2017","","0",""
"2079","2006","8.0","0",""
"2613","2013","","0",""
"1889","2004","9.0","0",""
"3208","2017","","0","Starbucks"
"2799","2012","","0","Starbucks"
"3221","2016","","0",""
"2373","2010","","0",""
"3219","2016","","0",""
"3283","2018","","0","Starbucks"
"3207","2015","","0",""
"1070","1997","14.0","0","Mobile, Kiosk"
"1913","2004","15.0","0",""
"2251","2008","15.0","0",""
"2048","2005","15.0","0",""
"731","1995","15.0","0",""
"859","1993","7.0","0","CVS, pharmacy, Fresh, Grocery, Mobile, Kiosk, Beer, Available, Starbucks, Wine"
"821","1992","13.0","1","CafePizza, Available, Beer"
"2388","2008","14.0","0",""
"2780","2012","","0",""
"2199","2006","13.0","1","Available, Beer"
"863","1994","14.0","1","Available, Beer"
"2586","2009","16.0","0",""
"24","1970","14.0","0","Mobile, Kiosk, Starbucks"
"1895","2004","14.0","1","Available, Beer"
"1925","2005","14.0","0",""
"152","1981","19.0","0","CVS, pharmacy, Fresh, Grocery, Mobile, Kiosk, Beer, Available, Starbucks, Wine"
"223","1984","14.0","3","Beer, Available, Wine"
"1212","1999","14.0","3",""
"238","1986","13.0","3",""
"1248","2000","21.0","3","Fresh, Grocery"
"1880","2004","","0","Fresh, Grocery"
"870","1993","9.0","3",""
"1247","2001","13.0","1","Starbucks, Available, Beer"
"1286","2001","15.0","3",""
"1483","2002","13.0","1","CafePizza"
"659","1991","14.0","1","CafePizza, Available, Beer"
"848","1993","17.0","1","CVS, pharmacy, Fresh, Grocery, CafePizza"
"1762","2000","25.0","2",""
"1902","2004","21.0","0","Fresh, Grocery"
"2327","2007","18.0","1","Fresh, Grocery"
"1445","2002","23.0","2",""
"1482","2003","13.0","1",""
"1246","2001","18.0","0","CVS, pharmacy, Fresh, Grocery, Mobile, Kiosk"
"4","1962","16.0","1","Available, Beer"
"61","1978","14.0","0","CVS, pharmacy, Beer, Available, Wine"
"658","1991","7.0","1","CafePizza, Available, Beer"
"699","1992","20.0","3","Fresh, Grocery"
"1082","1997","8.0","3","CVS, pharmacy, Mobile, Kiosk, Fresh, Grocery, Beer, Available, Wine"
"617","1990","10.0","3","CVS, pharmacy, Fresh, Grocery"
"1230","2001","7.0","0","CVS, pharmacy, Fresh, Grocery"
"2206","2006","","1","Mobile, Kiosk, Fresh, Grocery"
"1237","1999","8.0","1","CVS, pharmacy, Fresh, Grocery, CafePizza"
"1282","2000","","3","CVS, pharmacy, Fresh, Grocery, Beer, Available, Wine"
"171","1982","21.0","3","Fresh, Grocery"
"1333","2001","18.0","3","CVS, pharmacy, Mobile, Kiosk, Fresh, Grocery"
"679","1991","13.0","3","CVS, pharmacy, Mobile, Kiosk"
"915","1994","8.0","3","CVS, pharmacy, Mobile, Kiosk, Fresh, Grocery"
"2857","2014","","0",""
"636","1990","13.0","0",""
"885","1994","18.0","3","Fresh, Grocery"
"1540","2003","7.0","0","CVS, pharmacy, Fresh, Grocery"
"830","1992","13.0","3",""
"2314","2007","","0","Fresh, Grocery, Mobile, Kiosk"
"1064","1997","","3","CVS, pharmacy, Mobile, Kiosk, Fresh, Grocery"
"760","1996","13.0","3","CVS, pharmacy"
"253","1986","8.0","3","CVS, pharmacy, Fresh, Grocery, Beer, Available, Wine"
"996","1995","14.0","0",""
"995","1995","14.0","0",""
"1331","2001","14.0","3",""
"1446","2002","12.0","3",""
"111","1980","18.0","3","Mobile, Kiosk, Fresh, Grocery"
"901","1994","13.0","1",""
"604","1989","13.0","3",""
"2818","2012","13.0","1",""
"1052","1996","13.0","1",""
"1366","2001","8.0","2",""
"1788","2001","","2",""
"1063","1997","13.0","3",""
"2015","2005","13.0","1","Mobile, Kiosk"
"397","1989","13.0","3",""
"881","1993","13.0","0","Mobile, Kiosk"
"773","1996","22.0","0","CVS, pharmacy, Fresh, Grocery, Mobile, Kiosk, Beer, Available, Starbucks, Wine"
"2014","2005","13.0","1",""
"610","1989","18.0","3","Mobile, Kiosk, Fresh, Grocery"
"2440","2008","14.0","0",""
"2217","2006","13.0","0",""
"1933","2004","13.0","0",""
"616","1990","13.0","3",""
"1848","2004","13.0","0",""
"1350","2001","13.0","2",""
"361","1989","13.0","3",""
"2391","2008","13.0","0",""
"673","1991","12.0","3",""
"365","1989","13.0","1","CafePizza"
"1530","2003","16.0","3",""
"924","1994","13.0","0","CVS, pharmacy, Mobile, Kiosk"
"1214","1999","21.0","3","Mobile, Kiosk, Fresh, Grocery"
"1789","2001","24.0","2",""
"1364","2001","","2",""
"671","1991","13.0","3",""
"1878","2004","15.0","0",""
"672","1991","13.0","3","CVS, pharmacy"
"922","1994","12.0","1",""
"634","1990","11.0","0",""
"1971","2006","","1","Mobile, Kiosk, Fresh, Grocery"
"2105","2006","12.0","3",""
"1285","2000","12.0","1",""
"347","1988","26.0","3","Fresh, Grocery"
"350","1988","27.0","3","CVS, pharmacy, Mobile, Kiosk, Fresh, Grocery"
"624","1990","25.0","1","CVS, pharmacy, Starbucks, Fresh, Grocery, Available, Beer"
"1911","2004","16.0","0",""
"623","1990","7.0","0","Fresh, Grocery"
"1465","2002","12.0","3",""
"622","1990","25.0","3","CVS, pharmacy, Fresh, Grocery"
"2415","2008","12.0","0",""
"1317","2001","18.0","3","Mobile, Kiosk, Fresh, Grocery, Wine"
"354","1989","12.0","1","Starbucks"
"896","1994","12.0","1",""
"872","1993","12.0","1","Starbucks"
"1200","1999","13.0","3","Beer, Available, Wine"
"2488","2009","13.0","0",""
"1545","2003","13.0","0",""
"3254","2017","","0","CVS, pharmacy, Starbucks"
"2483","2011","","1","Available, Beer"
"1447","2002","13.0","3",""
"1946","2004","13.0","0",""
"1037","1999","13.0","3","Mobile, Kiosk"
"2557","2011","","0",""
"1092","1997","12.0","0",""
"1534","2003","13.0","3",""
"1393","2002","13.0","3",""
"1091","1997","13.0","0",""
"2486","2009","","0","Fresh, Grocery, Mobile, Kiosk"
"1252","2000","13.0","0",""
"1940","2004","13.0","0",""
"1129","1998","13.0","3",""
"1128","1998","13.0","3",""
"281","1987","12.0","1","Available, Beer"
"611","1989","12.0","1","Mobile, Kiosk, Available, Beer"
"2230","2007","12.0","1",""
"353","1988","12.0","1","Mobile, Kiosk"
"2178","2008","12.0","0","Mobile, Kiosk"
"280","1987","12.0","3","Mobile, Kiosk"
"923","1994","12.0","1",""
"2033","2005","12.0","1",""
"279","1987","19.0","1","Starbucks, Mobile, Kiosk, Fresh, Grocery, Available, Beer"
"1251","2000","12.0","3",""
"2207","2006","12.0","1",""
"1313","2001","12.0","1",""
"282","1988","12.0","3","Mobile, Kiosk"
"2544","2009","14.0","1",""
"351","1989","12.0","1",""
"2254","2007","12.0","0","Mobile, Kiosk"
"605","1989","12.0","1","CafePizza"
"278","1987","12.0","0",""
"1466","2002","12.0","3",""
"819","1993","12.0","3",""
"2113","2008","12.0","1",""
"2159","2006","","3","Fresh, Grocery, Beer, Available, Wine"
"2851","2014","","0",""
"666","1991","14.0","0",""
"1969","2005","14.0","0",""
"945","1994","12.0","1","Mobile, Kiosk"
"2358","2007","14.0","0","Mobile, Kiosk"
"1236","1999","12.0","0","Fresh, Grocery, Starbucks"
"1978","2005","13.0","0",""
"1058","1997","8.0","0",""
"1381","2001","18.0","3","Mobile, Kiosk, Fresh, Grocery, Beer, Available, Wine"
"1072","1997","14.0","0",""
"2070","2007","14.0","0","Mobile, Kiosk"
"1972","2005","14.0","1","Mobile, Kiosk"
"2351","2007","12.0","0","Mobile, Kiosk"
"2086","2005","14.0","0","Mobile, Kiosk"
"2450","2009","14.0","0",""
"1215","1999","21.0","3","Mobile, Kiosk, Fresh, Grocery"
"1325","2001","12.0","3",""
"989","1995","14.0","3","Mobile, Kiosk, Beer, Available, Wine"
"2016","2005","12.0","0",""
"2266","2007","12.0","0",""
"984","1995","12.0","0",""
"985","1995","12.0","0",""
"990","1995","","3","Mobile, Kiosk, Fresh, Grocery, Beer, Available, Wine"
"2226","2007","12.0","0",""
"632","1990","19.0","3","Mobile, Kiosk, Fresh, Grocery"
"792","1996","12.0","0",""
"2228","2007","12.0","0",""
"2119","2006","12.0","0","Mobile, Kiosk"
"986","1996","8.0","3","Mobile, Kiosk, Fresh, Grocery, Beer, Available, Wine"
"1804","2003","12.0","0","Starbucks"
"1841","2004","","0","Fresh, Grocery"
"793","1996","11.0","0",""
"2346","2007","11.0","0",""
"1324","2001","12.0","3","Wine"
"1112","1998","12.0","3",""
"2044","2005","","0","Fresh, Grocery, Mobile, Kiosk"
"988","1995","18.0","1","Fresh, Grocery, Available, Beer"
"2161","2006","12.0","0",""
"794","1996","11.0","0",""
"2157","2006","","0","Fresh, Grocery, Mobile, Kiosk"
"2322","2007","12.0","0",""
"1478","2002","18.0","3","Mobile, Kiosk, Fresh, Grocery"
"1261","2000","12.0","3",""
"2231","2006","","3","Mobile, Kiosk, Fresh, Grocery"
"1828","2003","18.0","3","Fresh, Grocery"
"1301","2000","18.0","3","Fresh, Grocery"
"1463","2002","11.0","1","Available, Beer"
"1162","1998","13.0","3",""
"2407","2008","","1","Fresh, Grocery"
"1872","2004","","2",""
"2069","2005","","2",""
"1949","2005","","3","Mobile, Kiosk, Fresh, Grocery"
"1216","1999","21.0","3","CVS, pharmacy, Fresh, Grocery, Beer, Available, Wine"
"2184","2006","","1","Fresh, Grocery, Available, Beer"
"1217","1999","11.0","1","Available, Beer"
"2787","2013","","1","Available, Beer"
"1270","2000","","3","Mobile, Kiosk, Fresh, Grocery, Beer, Available, Wine"
"2100","2006","","1","Mobile, Kiosk, Fresh, Grocery, Available, Beer"
"2077","2006","11.0","1","Available, Beer"
"1253","2000","11.0","1","Available, Beer"
"2201","2006","11.0","1","Fresh, Grocery, Available, Beer"
"2757","2011","","1","Available, Beer"
"1218","1999","10.0","3","Fresh, Grocery, Beer, Available, Wine"
"2114","2006","11.0","1","Fresh, Grocery, Available, Beer"
"1259","2000","8.0","3","Fresh, Grocery, Beer, Available, Wine"
"1219","1999","11.0","1","CVS, pharmacy, Starbucks, Available, Beer"
"1220","1999","7.0","1","CVS, pharmacy, Fresh, Grocery, CafePizza, Available, Beer"
"2385","2008","11.0","1","Fresh, Grocery, Available, Beer"
"2262","2007","","1","Mobile, Kiosk, Fresh, Grocery, Available, Beer"
"1414","2003","","1","Starbucks, Fresh, Grocery, Available, Beer"
"2784","2014","","1",""
"1932","2004","","2",""
"1794","2003","7.0","1","Fresh, Grocery, CafePizza"
"2721","2011","","1",""
"1080","1997","15.0","3",""
"961","1995","15.0","3",""
"3255","2017","","1","Starbucks, CafePizza"
"1892","2004","15.0","3",""
"887","1994","14.0","2",""
"1535","2003","14.0","1","Starbucks"
"1377","2002","","2",""
"2320","2008","","2",""
"1396","2002","8.0","2",""
"1837","2003","22.0","2",""
"2494","2009","16.0","1",""
"2066","2005","14.0","2",""
"1124","1998","14.0","2","Starbucks"
"2093","2006","14.0","2",""
"858","1993","14.0","2",""
"2144","2006","14.0","2",""
"955","1995","14.0","2",""
"1336","2001","13.0","2",""
"1894","2004","14.0","2",""
"1435","2003","14.0","2","Starbucks"
"993","1995","14.0","2",""
"1975","2005","14.0","0","Beer, Available, Wine"
"2139","2006","14.0","1",""
"75","1979","14.0","2",""
"1459","2002","","2",""
"2419","2008","","2",""
"907","1994","14.0","2",""
"1359","2001","","2",""
"1786","2001","8.0","2",""
"1908","2004","","2",""
"2868","2017","","2",""
"2205","2006","14.0","2",""
"882","1993","14.0","3",""
"2278","2007","","2","Fresh, Grocery, Mobile, Kiosk"
"2374","2008","11.0","2",""
"2495","2009","","2",""
"1982","2005","14.0","2",""
"1066","1997","14.0","2","CVS, pharmacy, Starbucks"
"888","1994","11.0","1",""
"1542","2003","14.0","2","CVS, pharmacy, Starbucks"
"95","1980","14.0","2","Mobile, Kiosk, Starbucks"
"1855","2004","13.0","1",""
"2168","2006","","3","Mobile, Kiosk, Fresh, Grocery"
"1504","2003","","2",""
"1826","2003","","2",""
"2111","2006","15.0","3",""
"1015","1996","19.0","3","Fresh, Grocery"
"1287","2000","12.0","3","Beer, Available, Wine"
"1057","1997","14.0","1",""
"2191","2006","14.0","1",""
"1014","1996","14.0","3","Wine"
"1013","1996","14.0","3","Wine"
"1011","1996","14.0","3","Wine"
"1010","1998","14.0","3","Wine"
"2382","2008","","1","Mobile, Kiosk, Fresh, Grocery"
"1012","1996","14.0","3","Wine"
"1824","2003","15.0","3",""
"1104","1997","15.0","3","Mobile, Kiosk"
"964","1995","19.0","3","Mobile, Kiosk, Fresh, Grocery"
"1334","2001","13.0","3",""
"847","1993","14.0","1","Available, Beer"
"904","1994","18.0","1","Fresh, Grocery, Available, Beer"
"657","1991","13.0","1","CafePizza, Available, Beer"
"1783","2001","13.0","2","CVS, pharmacy, Beer, Available, &"
"2194","2006","13.0","1","CVS, pharmacy, Available, Beer"
"85","1980","10.0","1","CVS, pharmacy, Starbucks, Fresh, Grocery, Available, Beer"
"1226","1999","","3","Mobile, Kiosk, Fresh, Grocery"
"832","1992","9.0","0","CVS, pharmacy, Fresh, Grocery, Mobile, Kiosk, Beer, Available, Starbucks, Wine"
"1506","2002","9.0","2","Fresh, Grocery"
"83","1980","18.0","2","Fresh, Grocery, Starbucks"
"770","1996","10.0","2","CVS, pharmacy, Fresh, Grocery, Starbucks"
"219","1985","8.0","2","CVS, pharmacy, Fresh, Grocery, Beer, Available, &"
"254","1986","19.0","3","CVS, pharmacy, Mobile, Kiosk, Fresh, Grocery"
"2342","2007","","2",""
"1797","2003","22.0","2",""
"2409","2008","14.0","2",""
"1953","2005","","2","CVS, pharmacy, Fresh, Grocery, Mobile, Kiosk"
"1812","2003","14.0","2","Beer, Available, Starbucks, &"
"3250","2017","","1","CafePizza, Available, Beer"
"96","1980","8.0","2",""
"1061","1997","14.0","2",""
"1406","2002","14.0","0","Mobile, Kiosk"
"1444","2002","14.0","0","Mobile, Kiosk, Starbucks"
"2523","2009","15.0","0",""
"1419","2002","14.0","3",""
"343","1988","14.0","0","CVS, pharmacy, Mobile, Kiosk, Starbucks"
"1957","2004","14.0","0",""
"346","1988","14.0","0",""
"1883","2004","14.0","0","Mobile, Kiosk"
"2136","2008","14.0","0",""
"2779","2012","13.0","1",""
"2791","2013","","0",""
"342","1988","14.0","0",""
"681","1993","14.0","0",""
"345","1988","8.0","0",""
"1947","2004","14.0","0",""
"344","1988","14.0","0",""
"1847","2003","14.0","0","Starbucks"
"2290","2007","14.0","0",""
"627","1990","7.0","0",""
"910","1994","14.0","0","Starbucks"
"1868","2004","14.0","0",""
"339","1988","8.0","0","CVS, pharmacy"
"349","1989","14.0","0",""
"628","1990","18.0","3","Fresh, Grocery"
"341","1988","14.0","0","Starbucks"
"362","1989","14.0","0","Starbucks"
"637","1990","14.0","0","CVS, pharmacy"
"1118","1998","14.0","0","Starbucks"
"2786","2012","","0",""
"1205","2001","14.0","0",""
"1355","2001","14.0","0",""
"1284","2000","15.0","0",""
"338","1988","8.0","0",""
"607","1989","14.0","3",""
"337","1988","14.0","0",""
"606","1989","14.0","0","Starbucks"
"2192","2006","14.0","0",""
"696","1992","14.0","0","CVS, pharmacy, Mobile, Kiosk"
"348","1988","7.0","0",""
"2112","2006","","3","Mobile, Kiosk, Fresh, Grocery"
"801","1992","22.0","3","Fresh, Grocery"
"1490","2002","19.0","2","Fresh, Grocery, Mobile, Kiosk, Starbucks"
"2224","2006","","3","Fresh, Grocery"
"2237","2006","11.0","2","Fresh, Grocery"
"335","1989","14.0","2",""
"824","1992","9.0","3","Fresh, Grocery"
"802","1992","19.0","2","Fresh, Grocery"
"2152","2006","","2","Fresh, Grocery"
"771","1996","12.0","1",""
"1852","2004","12.0","1","Fresh, Grocery"
"1979","2005","12.0","2",""
"2426","2008","","2",""
"1523","2003","","2",""
"2803","2012","","2",""
"2467","2008","12.0","2",""
"1785","2001","","2",""
"176","1983","12.0","2",""
"1204","2000","12.0","2",""
"2187","2006","12.0","2",""
"1354","2001","8.0","2",""
"2239","2007","","2",""
"2429","2008","12.0","2",""
"2438","2009","16.0","1",""
"2725","2009","","2","Mobile, Kiosk"
"2288","2007","18.0","2",""
